Stock Type,Date,Open,High,Low,Close,Volume,Adj Close
NASDAQ Composite,3/3/2014,4261.42,4371.71,4239.65,4352.13,2760962500,4352.13
NASDAQ Composite,2/3/2014,4105.06,4342.59,3968.19,4308.12,2241890000,4308.12
NASDAQ Composite,1/2/2014,4160.03,4246.55,4044.76,4103.88,2263246600,4103.88
NASDAQ Composite,12/2/2013,4065.66,4177.73,3979.59,4176.59,3227604700,4176.59
NASDAQ Composite,11/1/2013,3932.45,4069.7,3855.07,4059.89,1833598500,4059.89
NASDAQ Composite,10/1/2013,3774.18,3966.71,3650.03,3919.71,1963340800,3919.71
NASDAQ Composite,9/3/2013,3622.64,3798.76,3593.62,3771.48,1844675000,3771.48
NASDAQ Composite,8/1/2013,3654.18,3694.19,3573.57,3589.87,1557407700,3589.87
NASDAQ Composite,7/1/2013,3430.48,3649.35,3415.23,3626.37,1719631800,3626.37
NASDAQ Composite,6/3/2013,3460.76,3488.31,3294.95,3403.25,2057933000,3403.25
NASDAQ Composite,5/1/2013,3325.35,3532.04,3296.5,3455.91,1868743100,3455.91
NASDAQ Composite,4/1/2013,3268.63,3328.79,3154.96,3328.79,1767663600,3328.79
NASDAQ Composite,3/1/2013,3143.54,3270.3,3129.4,3267.52,1769299000,3267.52
NASDAQ Composite,2/1/2013,3162.94,3213.6,3105.36,3160.19,1988840000,3160.19
NASDAQ Composite,1/2/2013,3091.33,3164.06,3076.6,3142.13,1962783800,3142.13
NASDAQ Composite,12/3/2012,3029.21,3061.82,2951.04,3019.51,1753986000,3019.51
NASDAQ Composite,11/1/2012,2987.54,3033.85,2810.8,3010.24,1861356100,3010.24
NASDAQ Composite,10/1/2012,3130.31,3171.46,2961.16,2977.23,1817800000,2977.23
NASDAQ Composite,9/4/2012,3063.25,3196.93,3040.24,3116.23,1872861500,3116.23
NASDAQ Composite,8/1/2012,2956.72,3100.54,2890.85,3066.96,1613204700,3066.96
NASDAQ Composite,7/2/2012,2938.41,2987.94,2837.72,2939.52,1737529500,2939.52
NASDAQ Composite,6/1/2012,2810.13,2942.28,2726.68,2935.05,1879992300,2935.05
NASDAQ Composite,5/1/2012,3044.79,3085.4,2774.45,2827.34,1922548100,2827.34
NASDAQ Composite,4/2/2012,3085.94,3128.25,2946.04,3046.36,1771358000,3046.36
NASDAQ Composite,3/1/2012,2979.11,3134.17,2900.28,3091.57,1750883600,3091.57
NASDAQ Composite,2/1/2012,2830.1,3000.11,2825.19,2966.89,1994932500,2966.89
NASDAQ Composite,1/3/2012,2657.39,2834.3,2627.23,2813.84,1855622500,2813.84
NASDAQ Composite,12/1/2011,2615.67,2674.53,2518.01,2605.15,1630203800,2605.15
NASDAQ Composite,11/1/2011,2607.31,2730.39,2441.48,2620.34,1944674700,2620.34
NASDAQ Composite,10/3/2011,2401.19,2753.37,2298.89,2684.41,2121923300,2684.41
NASDAQ Composite,9/1/2011,2583.34,2643.37,2414.31,2415.4,2144659000,2415.4
NASDAQ Composite,8/1/2011,2791.45,2796.24,2331.65,2579.46,2564059100,2579.46
NASDAQ Composite,7/1/2011,2775.08,2878.94,2724.99,2756.38,1979209500,2756.38
NASDAQ Composite,6/1/2011,2829.39,2834.05,2599.86,2773.52,2019538100,2773.52
NASDAQ Composite,5/2/2011,2881.28,2887.75,2739.85,2835.3,2119866600,2835.3
NASDAQ Composite,4/1/2011,2796.67,2876.83,2706.5,2873.54,2024012500,2873.54
NASDAQ Composite,3/1/2011,2791.08,2802.32,2603.5,2781.07,2041148200,2781.07
NASDAQ Composite,2/1/2011,2717.61,2840.51,2705.54,2782.27,2170254700,2782.27
NASDAQ Composite,1/3/2011,2676.65,2766.17,2663.64,2700.08,2108703500,2700.08
NASDAQ Composite,12/1/2010,2535.19,2675.26,2535.19,2652.87,1696976800,2652.87
NASDAQ Composite,11/1/2010,2520.45,2592.94,2459.79,2498.23,2057668500,2498.23
NASDAQ Composite,10/1/2010,2386.82,2517.5,2332.46,2507.41,2076593300,2507.41
NASDAQ Composite,9/1/2010,2142.75,2400.06,2141.95,2368.62,2095484200,2368.62
NASDAQ Composite,8/2/2010,2283.32,2309.43,2099.29,2114.03,1994470400,2114.03
NASDAQ Composite,7/1/2010,2110.75,2307.6,2061.14,2254.7,2192808500,2254.7
NASDAQ Composite,6/1/2010,2244.79,2341.11,2105.26,2109.24,2311604000,2109.24
NASDAQ Composite,5/3/2010,2472.32,2503,2140.53,2257.04,2968435500,2257.04
NASDAQ Composite,4/1/2010,2411.68,2535.28,2383.77,2461.19,2731889000,2461.19
NASDAQ Composite,3/1/2010,2247.4,2432.25,2247.33,2397.96,2492358200,2397.96
NASDAQ Composite,2/1/2010,2155.81,2251.68,2100.17,2238.26,2374673100,2238.26
NASDAQ Composite,1/4/2010,2294.41,2326.28,2140.34,2147.35,2564021500,2147.35
NASDAQ Composite,12/1/2009,2162.23,2295.8,2155.96,2269.15,1841222200,2269.15
NASDAQ Composite,11/2/2009,2047.42,2205.32,2024.27,2144.6,2043167500,2144.6
NASDAQ Composite,10/1/2009,2111.77,2190.64,2040.21,2045.11,2413632700,2045.11
NASDAQ Composite,9/1/2009,2001.3,2167.7,1958.04,2122.42,2490170000,2122.42
NASDAQ Composite,8/3/2009,1998.35,2059.48,1929.64,2009.06,2203232300,2009.06
NASDAQ Composite,7/1/2009,1846.12,2009.81,1727.05,1978.5,2239760900,1978.5
NASDAQ Composite,6/1/2009,1796.09,1879.92,1753.78,1835.04,2451192200,1835.04
NASDAQ Composite,5/1/2009,1719.29,1774.33,1664.19,1774.33,2490867000,1774.33
NASDAQ Composite,4/1/2009,1504.87,1753.61,1498.54,1717.3,2454997100,1717.3
NASDAQ Composite,3/2/2009,1356.13,1587,1265.52,1528.59,2347197200,1528.59
NASDAQ Composite,2/2/2009,1460.85,1598.5,1372.42,1377.84,2356521000,1377.84
NASDAQ Composite,1/2/2009,1578.87,1665.63,1434.08,1476.42,2102509500,1476.42
NASDAQ Composite,12/1/2008,1496.09,1602.92,1398.07,1577.03,1870050400,1577.03
NASDAQ Composite,11/3/2008,1718.89,1785.84,1295.48,1535.57,2248462600,1535.57
NASDAQ Composite,10/1/2008,2075.1,2083.2,1493.79,1720.95,2824966900,1720.95
NASDAQ Composite,9/2/2008,2402.11,2413.11,1983.73,2091.88,2576151400,2091.88
NASDAQ Composite,8/1/2008,2326.83,2473.2,2280.93,2367.52,1954377100,2367.52
NASDAQ Composite,7/1/2008,2274.24,2353.39,2167.29,2325.55,2408589500,2325.55
NASDAQ Composite,6/2/2008,2514.82,2549.94,2290.59,2292.98,2288785700,2292.98
NASDAQ Composite,5/1/2008,2416.49,2551.47,2416.49,2522.66,2139831400,2522.66
NASDAQ Composite,4/1/2008,2306.51,2451.19,2266.29,2412.8,2038801800,2412.8
NASDAQ Composite,3/3/2008,2271.26,2346.78,2155.42,2279.1,2337740000,2279.1
NASDAQ Composite,2/1/2008,2392.58,2419.23,2252.65,2271.48,2408646500,2271.48
NASDAQ Composite,1/2/2008,2653.91,2661.5,2202.54,2389.86,2763113300,2389.86
NASDAQ Composite,12/3/2007,2654.91,2734.82,2553.99,2652.28,1960397000,2652.28
NASDAQ Composite,11/1/2007,2835,2835.63,2539.81,2660.96,2513625200,2660.96
NASDAQ Composite,10/1/2007,2704.25,2861.51,2698.14,2859.12,2229832600,2859.12
NASDAQ Composite,9/4/2007,2596.38,2716.75,2536.93,2701.5,1957217800,2701.5
NASDAQ Composite,8/1/2007,2538.5,2627.75,2386.69,2596.36,2333159500,2596.36
NASDAQ Composite,7/2/2007,2617.39,2724.74,2545.9,2546.27,2280785200,2546.27
NASDAQ Composite,6/1/2007,2614.01,2634.6,2534.97,2603.23,2262320400,2603.23
NASDAQ Composite,5/1/2007,2529.95,2607.9,2510.57,2604.52,2115423100,2604.52
NASDAQ Composite,4/2/2007,2425.36,2562.99,2409.04,2525.09,2089885500,2525.09
NASDAQ Composite,3/1/2007,2377.18,2459.96,2331.57,2421.64,2071020400,2421.64
NASDAQ Composite,2/1/2007,2474.08,2531.42,2395.35,2416.15,2227421500,2416.15
NASDAQ Composite,1/3/2007,2429.72,2508.93,2394.66,2463.93,2243760000,2463.93
NASDAQ Composite,12/1/2006,2430.75,2470.95,2392.95,2415.29,1824379500,2415.29
NASDAQ Composite,11/1/2006,2373.49,2468.42,2316.82,2431.77,1956073300,2431.77
NASDAQ Composite,10/2/2006,2257,2379.29,2224.21,2366.71,2028942200,2366.71
NASDAQ Composite,9/1/2006,2194.56,2273.3,2147.44,2258.43,1955853500,2258.43
NASDAQ Composite,8/1/2006,2080.34,2193.34,2048.22,2183.75,1733816900,2183.75
NASDAQ Composite,7/3/2006,2177.91,2190.44,2012.78,2091.47,1899380000,2091.47
NASDAQ Composite,6/1/2006,2179.82,2233.88,2065.11,2172.09,2085311300,2172.09
NASDAQ Composite,5/1/2006,2329.79,2352.56,2135.81,2178.88,2183765400,2178.88
NASDAQ Composite,4/3/2006,2352.24,2375.54,2299.42,2322.57,2196275700,2322.57
NASDAQ Composite,3/1/2006,2288.15,2353.14,2239.54,2339.79,2148650800,2339.79
NASDAQ Composite,2/1/2006,2294.11,2313.53,2232.68,2281.39,2064444700,2281.39
NASDAQ Composite,1/3/2006,2216.53,2332.92,2189.91,2305.82,2200884000,2305.82
NASDAQ Composite,12/1/2005,2244.85,2278.16,2200.51,2205.32,1696538500,2205.32
NASDAQ Composite,11/1/2005,2109.89,2269.3,2108.86,2232.82,1796680000,2232.82
NASDAQ Composite,10/3/2005,2152.7,2167,2025.58,2120.3,1827174200,2120.3
NASDAQ Composite,9/1/2005,2150.03,2186.83,2093.06,2151.69,1733383300,2151.69
NASDAQ Composite,8/1/2005,2191.49,2219.91,2112.25,2152.09,1559586500,2152.09
NASDAQ Composite,7/1/2005,2060.97,2201.39,2050.3,2184.83,1715813000,2184.83
NASDAQ Composite,6/1/2005,2067.23,2106.57,2039.69,2056.96,1746991800,2056.96
NASDAQ Composite,5/2/2005,1923.23,2076.8,1916.03,2068.22,1704864200,2068.22
NASDAQ Composite,4/1/2005,2009.09,2021.82,1889.83,1921.65,1883689500,1921.65
NASDAQ Composite,3/1/2005,2057.47,2100.57,1968.58,1999.23,1884879500,1999.23
NASDAQ Composite,2/7/2005,2086.55,2103.45,2023,2051.72,2065927300,2051.72
S&P 500,3/3/2014,1857.68,1881.94,1834.44,1877.03,4326970000,1877.03
S&P 500,2/3/2014,1782.68,1867.92,1737.92,1859.45,3875949400,1859.45
S&P 500,1/2/2014,1845.86,1850.84,1770.45,1782.59,3806266600,1782.59
S&P 500,12/2/2013,1806.55,1849.44,1767.99,1848.36,3094180900,1848.36
S&P 500,11/1/2013,1758.7,1813.55,1746.2,1805.81,3261324500,1805.81
S&P 500,10/1/2013,1682.41,1775.22,1646.47,1756.54,3498866500,1756.54
S&P 500,9/3/2013,1635.95,1729.86,1633.41,1681.55,3474152000,1681.55
S&P 500,8/1/2013,1689.42,1709.67,1627.47,1632.97,3069868600,1632.97
S&P 500,7/1/2013,1609.78,1698.78,1604.57,1685.73,3270645900,1685.73
S&P 500,6/3/2013,1631.71,1654.19,1560.33,1606.28,3996199000,1606.28
S&P 500,5/1/2013,1597.55,1687.18,1581.28,1630.74,3661220400,1630.74
S&P 500,4/1/2013,1569.18,1597.57,1536.03,1597.57,3674685000,1597.57
S&P 500,3/1/2013,1514.68,1570.28,1501.48,1569.19,3591577500,1569.19
S&P 500,2/1/2013,1498.11,1530.94,1485.01,1514.68,3851884200,1514.68
S&P 500,1/2/2013,1426.19,1509.94,1426.19,1498.11,3802304200,1498.11
S&P 500,12/3/2012,1416.34,1448,1398.11,1426.19,3479625500,1426.19
S&P 500,11/1/2012,1412.2,1434.27,1343.35,1416.18,3593110000,1416.18
S&P 500,10/1/2012,1440.9,1470.96,1403.28,1412.16,3587115700,1412.16
S&P 500,9/4/2012,1406.54,1474.51,1396.56,1440.67,3857553100,1440.67
S&P 500,8/1/2012,1379.32,1426.68,1354.65,1406.58,3183567800,1406.58
S&P 500,7/2/2012,1362.33,1391.74,1325.41,1379.32,3663113300,1379.32
S&P 500,6/1/2012,1309.87,1363.46,1266.74,1362.16,4103472300,1362.16
S&P 500,5/1/2012,1397.86,1415.32,1291.98,1310.33,4158095900,1310.33
S&P 500,4/2/2012,1408.47,1422.38,1357.38,1397.91,3916786000,1397.91
S&P 500,3/1/2012,1365.9,1419.15,1340.03,1408.47,3980752200,1408.47
S&P 500,2/1/2012,1312.45,1378.04,1312.45,1365.68,4143404000,1365.68
S&P 500,1/3/2012,1258.86,1333.47,1258.86,1312.41,4190155500,1312.41
S&P 500,12/1/2011,1246.91,1269.37,1202.37,1257.6,3667346600,1257.6
S&P 500,11/1/2011,1251,1277.55,1158.66,1246.96,4288791900,1246.96
S&P 500,10/3/2011,1131.21,1292.66,1074.77,1253.3,4874946600,1253.3
S&P 500,9/1/2011,1219.12,1229.29,1114.22,1131.42,5104933800,1131.42
S&P 500,8/1/2011,1292.59,1307.38,1101.54,1218.89,4942913400,1218.89
S&P 500,7/1/2011,1320.64,1356.48,1282.86,1292.28,4308168000,1292.28
S&P 500,6/1/2011,1345.2,1345.2,1258.07,1320.64,4105601300,1320.64
S&P 500,5/2/2011,1365.21,1370.58,1311.8,1345.2,4114534200,1345.2
S&P 500,4/1/2011,1329.48,1364.56,1294.7,1363.61,4042194000,1363.61
S&P 500,3/1/2011,1328.64,1332.28,1249.05,1325.83,4046691700,1325.83
S&P 500,2/1/2011,1289.14,1344.07,1289.14,1327.22,3225297300,1327.22
S&P 500,1/3/2011,1257.62,1302.67,1257.62,1286.12,4816605000,1286.12
S&P 500,12/1/2010,1186.6,1262.6,1186.6,1257.64,3762922700,1257.64
S&P 500,11/1/2010,1185.71,1227.08,1173,1180.55,4354084200,1180.55
S&P 500,10/1/2010,1143.49,1196.14,1131.87,1183.26,4432102300,1183.26
S&P 500,9/1/2010,1049.72,1157.16,1049.72,1141.2,3993981400,1141.2
S&P 500,8/2/2010,1107.53,1129.24,1039.7,1049.33,4044967700,1049.33
S&P 500,7/1/2010,1031.1,1120.95,1010.91,1101.6,4704026600,1101.6
S&P 500,6/1/2010,1087.3,1131.23,1028.33,1030.71,5235174000,1030.71
S&P 500,5/3/2010,1188.58,1205.13,1040.78,1089.41,6626699400,1089.41
S&P 500,4/1/2010,1171.23,1219.8,1170.69,1186.69,5847150900,1186.69
S&P 500,3/1/2010,1105.36,1180.69,1105.36,1169.43,4702951700,1169.43
S&P 500,2/1/2010,1073.89,1112.42,1044.5,1104.49,4658238400,1104.49
S&P 500,1/4/2010,1116.56,1150.45,1071.59,1073.87,5071601500,1073.87
S&P 500,12/1/2009,1098.89,1130.38,1085.89,1115.1,4163287200,1115.1
S&P 500,11/2/2009,1036.18,1113.69,1029.38,1095.63,4443852500,1095.63
S&P 500,10/1/2009,1054.91,1101.36,1019.95,1036.19,5451064000,1036.19
S&P 500,9/1/2009,1019.52,1080.15,991.97,1057.08,5633064200,1057.08
S&P 500,8/3/2009,990.22,1039.47,978.51,1020.62,5764944200,1020.62
S&P 500,7/1/2009,920.82,996.68,869.32,987.48,5080675400,987.48
S&P 500,6/1/2009,923.26,956.23,888.86,919.32,5330941800,919.32
S&P 500,5/1/2009,872.74,930.17,866.1,919.14,6883268000,919.14
S&P 500,4/1/2009,793.59,888.7,783.32,872.81,6938945600,872.81
S&P 500,3/2/2009,729.57,832.98,666.79,797.87,7633306300,797.87
S&P 500,2/2/2009,823.09,875.01,734.52,735.09,7022036200,735.09
S&P 500,1/2/2009,902.99,943.85,804.3,825.88,5844561500,825.88
S&P 500,12/1/2008,888.61,918.85,815.69,903.25,5320791300,903.25
S&P 500,11/3/2008,968.67,1007.51,741.02,896.24,6231635200,896.24
S&P 500,10/1/2008,1164.17,1167.03,839.8,968.75,7226593900,968.75
S&P 500,9/2/2008,1287.83,1303.04,1106.42,1166.36,6900428500,1166.36
S&P 500,8/1/2008,1269.42,1313.15,1247.45,1282.83,4264482300,1282.83
S&P 500,7/1/2008,1276.69,1292.17,1200.44,1267.38,5923937200,1267.38
S&P 500,6/2/2008,1399.62,1404.05,1272,1280,4840303300,1280
S&P 500,5/1/2008,1385.97,1440.24,1373.07,1400.38,4039814700,1400.38
S&P 500,4/1/2008,1326.41,1404.57,1324.35,1385.59,4113069000,1385.59
S&P 500,3/3/2008,1330.45,1359.68,1256.98,1322.7,4661172000,1322.7
S&P 500,2/1/2008,1378.6,1396.02,1316.75,1330.63,4148143000,1330.63
S&P 500,1/2/2008,1467.97,1471.77,1270.05,1378.55,4925982300,1378.55
S&P 500,12/3/2007,1479.63,1523.57,1435.65,1468.36,3363127500,1468.36
S&P 500,11/1/2007,1545.79,1545.79,1406.1,1481.14,4317578500,1481.14
S&P 500,10/1/2007,1527.29,1576.09,1489.56,1549.38,3477202100,1549.38
S&P 500,9/4/2007,1473.96,1538.74,1439.29,1526.75,3196581500,1526.75
S&P 500,8/1/2007,1455.18,1503.89,1370.6,1473.99,4091885600,1473.99
S&P 500,7/2/2007,1504.66,1555.9,1454.25,1455.27,3564664200,1455.27
S&P 500,6/1/2007,1530.62,1540.56,1484.18,1503.35,3261343300,1503.35
S&P 500,5/1/2007,1482.37,1535.56,1476.7,1530.62,3104253600,1530.62
S&P 500,4/2/2007,1420.83,1498.02,1416.37,1482.37,3006294500,1482.37
S&P 500,3/1/2007,1406.8,1438.89,1363.98,1420.86,3205736800,1420.86
S&P 500,2/1/2007,1437.9,1461.57,1389.42,1406.82,2935275700,1406.82
S&P 500,1/3/2007,1418.03,1441.61,1403.97,1438.24,2983144500,1438.24
S&P 500,12/1/2006,1400.63,1431.81,1385.93,1418.3,2462849000,1418.3
S&P 500,11/1/2006,1377.76,1407.89,1360.98,1400.63,2826198000,1400.63
S&P 500,10/2/2006,1335.82,1389.45,1327.1,1377.94,2708938600,1377.94
S&P 500,9/1/2006,1303.8,1340.28,1290.93,1335.85,2563743500,1335.85
S&P 500,8/1/2006,1278.53,1306.74,1261.3,1303.82,2280876500,1303.82
S&P 500,7/3/2006,1270.06,1280.42,1224.54,1276.66,2440476000,1276.66
S&P 500,6/1/2006,1270.05,1290.68,1219.29,1270.2,2632855400,1270.2
S&P 500,5/1/2006,1310.61,1326.7,1245.34,1270.09,2591135900,1270.09
S&P 500,4/3/2006,1302.88,1318.16,1280.74,1310.61,2406755200,1310.61
S&P 500,3/1/2006,1280.66,1310.88,1268.42,1294.87,2310510800,1294.87
S&P 500,2/1/2006,1280.08,1297.57,1253.61,1280.66,2380568400,1280.66
S&P 500,1/3/2006,1248.29,1294.9,1245.74,1280.08,2595998000,1280.08
S&P 500,12/1/2005,1249.48,1275.8,1246.59,1248.29,2057125200,1248.29
S&P 500,11/1/2005,1207.01,1270.64,1201.07,1249.48,2260836100,1249.48
S&P 500,10/3/2005,1228.81,1233.34,1168.2,1207.01,2493393300,1207.01
S&P 500,9/1/2005,1220.33,1243.13,1205.35,1228.81,2232144200,1228.81
S&P 500,8/1/2005,1234.18,1245.86,1201.07,1220.33,1930243400,1220.33
S&P 500,7/1/2005,1191.33,1245.15,1183.55,1234.18,1962713500,1234.18
S&P 500,6/1/2005,1191.5,1219.59,1188.3,1191.33,1929251300,1191.33
S&P 500,5/2/2005,1156.85,1199.56,1146.18,1191.5,1960127100,1191.5
S&P 500,4/1/2005,1180.59,1191.88,1136.15,1156.85,2180315700,1156.85
S&P 500,3/1/2005,1203.6,1229.11,1163.69,1180.59,1874017200,1180.59
S&P 500,2/7/2005,1203.03,1212.44,1184.16,1203.6,1643103300,1203.6
Facebook,3/3/2014,66.96,71.97,66.51,70.84,66364500,70.84
Facebook,2/3/2014,63.03,71.44,60.7,68.46,61976700,68.46
Facebook,1/2/2014,54.83,63.37,51.85,62.57,65833700,62.57
Facebook,12/2/2013,46.9,58.58,46.26,54.65,73899000,54.65
Facebook,11/1/2013,50.85,52.09,43.55,47.01,68882000,47.01
Facebook,10/1/2013,49.97,54.83,45.26,50.21,98509800,50.21
Facebook,9/3/2013,41.84,51.6,41.44,50.23,84075500,50.23
Facebook,8/1/2013,37.3,41.94,36.02,41.28,63412300,41.28
Facebook,7/1/2013,24.97,38.31,24.15,36.8,72228300,36.8
Facebook,6/3/2013,24.27,25.19,22.67,24.88,44226000,24.88
Facebook,5/1/2013,27.85,29.07,23.26,24.35,46203400,24.35
Facebook,4/1/2013,25.63,28.1,25.15,27.77,35185900,27.77
Facebook,3/1/2013,27.05,28.68,24.72,25.58,37788300,25.58
Facebook,2/1/2013,31.01,31.02,26.34,27.25,54769300,27.25
Facebook,1/2/2013,27.44,32.51,27.42,30.98,88885500,30.98
Facebook,12/3/2012,28,28.88,25.15,26.62,62610300,26.62
Facebook,11/1/2012,21.08,28,18.87,28,78787600,28
Facebook,10/1/2012,22.08,24.25,18.8,21.11,57161900,21.11
Facebook,9/4/2012,18.08,23.37,17.55,21.66,59164700,21.66
Facebook,8/1/2012,21.5,22.45,18.03,18.06,52639500,18.06
Facebook,7/2/2012,31.25,32.88,21.61,21.71,27446100,21.71
Facebook,6/1/2012,28.89,33.45,25.52,31.1,32735100,31.1
Facebook,5/18/2012,42.05,45,26.83,29.6,151461300,29.6
Plug Power Inc.,3/3/2014,4.6,7.09,4.5,6.36,89392000,6.36
Plug Power Inc.,2/3/2014,3.1,4.84,2.8,4.67,22078600,4.67
Plug Power Inc.,1/2/2014,2.06,4.9,1.89,3.02,37469000,3.02
Plug Power Inc.,12/2/2013,0.75,2.24,0.74,1.55,14782900,1.55
Plug Power Inc.,11/1/2013,0.6,0.74,0.45,0.74,2441700,0.74
Plug Power Inc.,10/1/2013,0.75,0.77,0.55,0.58,3031500,0.58
Plug Power Inc.,9/3/2013,0.53,0.8,0.52,0.74,5912800,0.74
Plug Power Inc.,8/1/2013,0.45,0.58,0.36,0.51,3154200,0.51
Plug Power Inc.,7/1/2013,0.4,0.48,0.26,0.44,2132700,0.44
Plug Power Inc.,6/3/2013,0.41,0.53,0.34,0.38,4130200,0.38
Plug Power Inc.,5/1/2013,0.16,0.47,0.15,0.38,5384600,0.38
Plug Power Inc.,4/1/2013,0.19,0.21,0.15,0.16,1081100,0.16
Plug Power Inc.,3/1/2013,0.18,0.32,0.14,0.22,3594700,0.22
Plug Power Inc.,2/1/2013,0.46,0.47,0.12,0.17,4247900,0.17
Plug Power Inc.,1/2/2013,0.5,0.76,0.44,0.45,285600,0.45
Plug Power Inc.,12/3/2012,0.69,0.69,0.47,0.5,167800,0.5
Plug Power Inc.,11/1/2012,0.75,0.81,0.59,0.62,87300,0.62
Plug Power Inc.,10/1/2012,0.83,0.92,0.67,0.74,81000,0.74
Plug Power Inc.,9/4/2012,0.94,0.97,0.76,0.83,95400,0.83
Plug Power Inc.,8/1/2012,1.21,1.3,0.92,0.96,97800,0.96
Plug Power Inc.,7/2/2012,1.16,1.25,1.1,1.2,141500,1.2
Plug Power Inc.,6/1/2012,1.15,1.22,1.1,1.14,81900,1.14
Plug Power Inc.,5/1/2012,1.3,1.33,1.12,1.15,137200,1.15
Plug Power Inc.,4/2/2012,1.34,1.41,1.11,1.32,236700,1.32
Plug Power Inc.,3/1/2012,2.22,2.28,1.26,1.31,524700,1.31
Plug Power Inc.,2/1/2012,1.97,2.6,1.94,2.22,239400,2.22
Plug Power Inc.,1/3/2012,2.06,2.09,1.8,1.94,105200,1.94
Plug Power Inc.,12/1/2011,2.2,2.4,1.95,2.04,138700,2.04
Plug Power Inc.,11/1/2011,2.23,2.71,1.92,2.22,326100,2.22
Plug Power Inc.,10/3/2011,1.8,2.35,1.5,2.25,176800,2.25
Plug Power Inc.,9/1/2011,1.83,2.18,1.62,1.82,147600,1.82
Plug Power Inc.,8/1/2011,2.4,2.42,1.35,1.82,321900,1.82
Plug Power Inc.,7/1/2011,2.3,2.63,2.02,2.35,527400,2.35
Plug Power Inc.,6/1/2011,2.49,2.49,1.91,2.22,348100,2.22
Plug Power Inc.,5/2/2011,0.6,5.87,0.42,2.45,353200,2.45
Plug Power Inc.,4/1/2011,0.73,0.78,0.42,0.57,97600,5.7
Plug Power Inc.,3/1/2011,0.73,0.8,0.57,0.76,63600,7.6
Plug Power Inc.,2/1/2011,0.77,0.92,0.71,0.73,113800,7.3
Plug Power Inc.,1/3/2011,0.38,1.07,0.36,0.75,265500,7.5
Plug Power Inc.,12/1/2010,0.41,0.43,0.36,0.37,47000,3.7
Plug Power Inc.,11/1/2010,0.51,0.57,0.4,0.41,46100,4.1
Plug Power Inc.,10/1/2010,0.39,0.56,0.37,0.5,59700,5
Plug Power Inc.,9/1/2010,0.41,0.44,0.37,0.38,24400,3.8
Plug Power Inc.,8/2/2010,0.48,0.5,0.4,0.4,24100,4
Plug Power Inc.,7/1/2010,0.45,0.57,0.4,0.46,23700,4.6
Plug Power Inc.,6/1/2010,0.44,0.63,0.36,0.46,70700,4.6
Plug Power Inc.,5/3/2010,0.65,0.65,0.36,0.42,83800,4.2
Plug Power Inc.,4/1/2010,0.68,0.73,0.62,0.66,61400,6.6
Plug Power Inc.,3/1/2010,0.54,0.75,0.52,0.69,157800,6.9
Plug Power Inc.,2/1/2010,0.59,0.65,0.49,0.53,62300,5.3
Plug Power Inc.,1/4/2010,0.74,0.76,0.54,0.58,87100,5.8
Plug Power Inc.,12/1/2009,0.8,0.81,0.65,0.71,62800,7.1
Plug Power Inc.,11/2/2009,0.93,0.94,0.77,0.8,25200,8
Plug Power Inc.,10/1/2009,0.87,1.35,0.79,0.86,162600,8.6
Plug Power Inc.,9/1/2009,0.7,0.97,0.66,0.88,80000,8.8
Plug Power Inc.,8/3/2009,0.77,0.82,0.69,0.7,58900,7
Plug Power Inc.,7/1/2009,0.89,0.89,0.72,0.79,35400,7.9
Plug Power Inc.,6/1/2009,0.93,1.22,0.73,0.88,151000,8.8
Plug Power Inc.,5/1/2009,1,1.07,0.89,0.93,26100,9.3
Plug Power Inc.,4/1/2009,0.84,1.15,0.8,0.99,32200,9.9
Plug Power Inc.,3/2/2009,0.91,1.05,0.68,0.87,40800,8.7
Plug Power Inc.,2/2/2009,0.91,1.09,0.78,0.96,41800,9.6
Plug Power Inc.,1/2/2009,1.02,1.15,0.81,0.9,24300,9
Plug Power Inc.,12/1/2008,1.05,1.55,0.87,1.02,44300,10.2
Plug Power Inc.,11/3/2008,1.02,1.07,0.66,1.03,33700,10.3
Plug Power Inc.,10/1/2008,1.04,1.29,0.64,0.98,67000,9.8
Plug Power Inc.,9/2/2008,2.81,2.83,0.9,0.99,114800,9.9
Plug Power Inc.,8/1/2008,2.31,2.95,2.02,2.71,37200,27.1
Plug Power Inc.,7/1/2008,2.35,2.52,1.82,2.4,55700,24
Plug Power Inc.,6/2/2008,3.14,3.14,2.3,2.35,116700,23.5
Plug Power Inc.,5/1/2008,3.22,3.33,2.99,3.14,48200,31.4
Plug Power Inc.,4/1/2008,3.16,3.62,3.07,3.23,36500,32.3
Plug Power Inc.,3/3/2008,3.01,3.37,2.78,3.11,43400,31.1
Plug Power Inc.,2/1/2008,2.72,3.42,2.71,3.01,48000,30.1
Plug Power Inc.,1/2/2008,4.03,4.19,2.51,2.74,73600,27.4
Plug Power Inc.,12/3/2007,3.62,4.55,3.45,3.95,95700,39.5
Plug Power Inc.,11/1/2007,3.45,3.89,3.15,3.62,74800,36.2
Plug Power Inc.,10/1/2007,3.1,4.75,2.95,3.49,140900,34.9
Plug Power Inc.,9/4/2007,2.73,3.1,2.62,3.1,44300,31
Plug Power Inc.,8/1/2007,2.96,3.1,2.42,2.7,64900,27
Plug Power Inc.,7/2/2007,3.19,3.34,2.85,2.97,51200,29.7
Plug Power Inc.,6/1/2007,2.95,3.27,2.9,3.14,92500,31.4
Plug Power Inc.,5/1/2007,3.14,3.53,2.9,2.96,56400,29.6
Plug Power Inc.,4/2/2007,3.21,3.4,3.1,3.16,62900,31.6
Plug Power Inc.,3/1/2007,3.34,3.38,2.77,3.16,107100,31.6
Plug Power Inc.,2/1/2007,3.6,3.98,3.35,3.48,89500,34.8
Plug Power Inc.,1/3/2007,3.9,3.94,3.25,3.6,72200,36
Plug Power Inc.,12/1/2006,4.08,4.19,3.68,3.89,81500,38.9
Plug Power Inc.,11/1/2006,4.07,4.3,3.77,4.06,65100,40.6
Plug Power Inc.,10/2/2006,4.08,4.5,3.85,3.99,60500,39.9
Plug Power Inc.,9/1/2006,4.76,4.79,3.77,4.07,76700,40.7
Plug Power Inc.,8/1/2006,3.99,4.81,3.77,4.74,47300,47.4
Plug Power Inc.,7/3/2006,4.74,4.89,3.53,4.04,79500,40.4
Plug Power Inc.,6/1/2006,5.09,5.4,4.5,4.67,92500,46.7
Plug Power Inc.,5/1/2006,6.01,6.38,5,5.11,84200,51.1
Plug Power Inc.,4/3/2006,5.02,6.6,4.8,6,293600,60
Plug Power Inc.,3/1/2006,5.17,5.18,4.55,5,137400,50
Plug Power Inc.,2/1/2006,6.03,6.1,4.98,5.09,132500,50.9
Plug Power Inc.,1/3/2006,5.23,6.13,5.09,5.95,92100,59.5
Plug Power Inc.,12/1/2005,5.13,6.24,5.1,5.13,111700,51.3
Plug Power Inc.,11/1/2005,5.8,6.05,4.84,5.13,104100,51.3
Plug Power Inc.,10/3/2005,6.81,7.12,5.45,5.8,62700,58
Plug Power Inc.,9/1/2005,7.5,7.73,6.25,6.8,88700,68
Plug Power Inc.,8/1/2005,7.2,7.54,6.05,7.41,139500,74.1
Plug Power Inc.,7/1/2005,6.85,7.5,5.85,7.15,106500,71.5
Plug Power Inc.,6/1/2005,6.2,7.63,5.96,6.85,73800,68.5
Plug Power Inc.,5/2/2005,5.63,6.58,5.21,6.22,50800,62.2
Plug Power Inc.,4/1/2005,6.56,6.8,5.47,5.55,63900,55.5
Plug Power Inc.,3/1/2005,7.14,8.2,6.07,6.6,82400,66
Plug Power Inc.,2/7/2005,5.86,7.67,5.48,7.15,116200,71.5
